
[{
        "tracking_id": 1,
        "name": "Atlanta, GA",
        "code": 524,
        "region_id": 3791

    }, {
        "tracking_id": 2,
        "name": "Birmingham, AL",
        "code": 630,
        "region_id": 3791

    }, {
        "tracking_id": 3,
        "name": "Columbus, GA",
        "code": 522,
        "region_id": 3791

    }, {
        "tracking_id": 4,
        "name": "Columbus-Tupelo-West Point, MS",
        "code": 673,
        "region_id": 3791

    }, {
        "tracking_id": 5,
        "name": "Dothan, AL",
        "code": 606,
        "region_id": 3791

    }, {
        "tracking_id": 6,
        "name": "Huntsville-Decatur (Florence), AL",
        "code": 691,
        "region_id": 3791

    }, {
        "tracking_id": 7,
        "name": "Meridian, MS",
        "code": 711,
        "region_id": 3791

    }, {
        "tracking_id": 8,
        "name": "Mobile, AL-Pensacola (Fort Walton Beach), FL",
        "code": 686,
        "region_id": 3791

    }, {
        "tracking_id": 9,
        "name": "Montgomery (Selma), AL",
        "code": 698,
        "region_id": 3791

    }, {
        "tracking_id": 10,
        "name": "Anchorage, AK",
        "code": 743,
        "region_id": 3790

    }, {
        "tracking_id": 11,
        "name": "Fairbanks, AK",
        "code": 745,
        "region_id": 3790

    }, {
        "tracking_id": 12,
        "name": "Juneau, AK",
        "code": 747,
        "region_id": 3790

    }, {
        "tracking_id": 13,
        "name": "Albuquerque-Santa Fe, NM",
        "code": 790,
        "region_id": 3795

    }, {
        "tracking_id": 14,
        "name": "Phoenix, AZ",
        "code": 753,
        "region_id": 3795

    }, {
        "tracking_id": 15,
        "name": "Tucson (Sierra Vista), AZ",
        "code": 789,
        "region_id": 3795

    }, {
        "tracking_id": 16,
        "name": "Yuma, AZ-El Centro, CA",
        "code": 771,
        "region_id": 3795

    }, {
        "tracking_id": 17,
        "name": "Fort Smith-Fayetteville-Springdale-Rogers, AR",
        "code": 670,
        "region_id": 3793

    }, {
        "tracking_id": 18,
        "name": "Greenwood-Greenville, MS",
        "code": 647,
        "region_id": 3793

    }, {
        "tracking_id": 19,
        "name": "Jonesboro, AR",
        "code": 734,
        "region_id": 3793

    }, {
        "tracking_id": 20,
        "name": "Little Rock-Pine Bluff, AR",
        "code": 693,
        "region_id": 3793

    }, {
        "tracking_id": 21,
        "name": "Memphis, TN",
        "code": 640,
        "region_id": 3793

    }, {
        "tracking_id": 22,
        "name": "Monroe, LA-El Dorado, AR",
        "code": 628,
        "region_id": 3793

    }, {
        "tracking_id": 23,
        "name": "Shreveport, LA",
        "code": 612,
        "region_id": 3793

    }, {
        "tracking_id": 24,
        "name": "Springfield, MO",
        "code": 619,
        "region_id": 3793

    }, {
        "tracking_id": 25,
        "name": "Bakersfield, CA",
        "code": 800,
        "region_id": 3796

    }, {
        "tracking_id": 26,
        "name": "Chico-Redding, CA",
        "code": 868,
        "region_id": 3796

    }, {
        "tracking_id": 27,
        "name": "Eureka, CA",
        "code": 802,
        "region_id": 3796

    }, {
        "tracking_id": 28,
        "name": "Fresno-Visalia, CA",
        "code": 866,
        "region_id": 3796

    }, {
        "tracking_id": 29,
        "name": "Los Angeles, CA",
        "code": 803,
        "region_id": 3796

    }, {
        "tracking_id": 30,
        "name": "Medford-Klamath Falls, OR",
        "code": 813,
        "region_id": 3796

    }, {
        "tracking_id": 31,
        "name": "Monterey-Salinas, CA",
        "code": 828,
        "region_id": 3796

    }, {
        "tracking_id": 32,
        "name": "Palm Springs, CA",
        "code": 804,
        "region_id": 3796

    }, {
        "tracking_id": 33,
        "name": "Reno, NV",
        "code": 811,
        "region_id": 3796

    }, {
        "tracking_id": 34,
        "name": "Sacramento-Stockton-Modesto, CA",
        "code": 862,
        "region_id": 3796

    }, {
        "tracking_id": 35,
        "name": "San Diego, CA",
        "code": 825,
        "region_id": 3796

    }, {
        "tracking_id": 36,
        "name": "San Francisco-Oakland-San Jose, CA",
        "code": 807,
        "region_id": 3796

    }, {
        "tracking_id": 37,
        "name": "Santa Barbara-Santa Maria-San Luis Obispo, CA",
        "code": 855,
        "region_id": 3796

    }, {
        "tracking_id": 38,
        "name": "Colorado Springs-Pueblo, CO",
        "code": 752,
        "region_id": 3797

    }, {
        "tracking_id": 39,
        "name": "Denver, CO",
        "code": 751,
        "region_id": 3797

    }, {
        "tracking_id": 40,
        "name": "Grand Junction-Montrose, CO",
        "code": 773,
        "region_id": 3797

    }, {
        "tracking_id": 41,
        "name": "Hartford & New Haven, CT",
        "code": 533,
        "region_id": 3798

    }, {
        "tracking_id": 42,
        "name": "New York, NY",
        "code": 501,
        "region_id": 3798

    }, {
        "tracking_id": 43,
        "name": "Philadelphia, PA",
        "code": 504,
        "region_id": 3800

    }, {
        "tracking_id": 44,
        "name": "Salisbury, MD",
        "code": 576,
        "region_id": 3800

    }, {
        "tracking_id": 45,
        "name": "Washington, DC (Hagerstown, MD)",
        "code": 511,
        "region_id": 3799

    }, {
        "tracking_id": 46,
        "name": "Fort Myers-Naples, FL",
        "code": 571,
        "region_id": 3801

    }, {
        "tracking_id": 47,
        "name": "Gainesville, FL",
        "code": 592,
        "region_id": 3801

    }, {
        "tracking_id": 48,
        "name": "Jacksonville, FL",
        "code": 561,
        "region_id": 3801

    }, {
        "tracking_id": 49,
        "name": "Miami-Fort Lauderdale, FL",
        "code": 528,
        "region_id": 3801

    }, {
        "tracking_id": 50,
        "name": "Orlando-Daytona Beach-Melbourne, FL",
        "code": 534,
        "region_id": 3801

    }, {
        "tracking_id": 51,
        "name": "Panama City, FL",
        "code": 656,
        "region_id": 3801

    }, {
        "tracking_id": 52,
        "name": "Tallahassee, FL-Thomasville, GA",
        "code": 530,
        "region_id": 3801

    }, {
        "tracking_id": 53,
        "name": "Tampa-St. Petersburg (Sarasota), FL",
        "code": 539,
        "region_id": 3801

    }, {
        "tracking_id": 54,
        "name": "West Palm Beach-Fort Pierce, FL",
        "code": 548,
        "region_id": 3801

    }, {
        "tracking_id": 55,
        "name": "Albany, GA",
        "code": 525,
        "region_id": 3803

    }, {
        "tracking_id": 56,
        "name": "Augusta, GA",
        "code": 520,
        "region_id": 3803

    }, {
        "tracking_id": 57,
        "name": "Chattanooga, TN",
        "code": 575,
        "region_id": 3803

    }, {
        "tracking_id": 58,
        "name": "Greenville-Spartanburg, SC-Asheville, NC-Anderson, SC",
        "code": 567,
        "region_id": 3803

    }, {
        "tracking_id": 59,
        "name": "Macon, GA",
        "code": 503,
        "region_id": 3803

    }, {
        "tracking_id": 60,
        "name": "Savannah, GA",
        "code": 507,
        "region_id": 3803

    }, {
        "tracking_id": 61,
        "name": "Honolulu, HI",
        "code": 744,
        "region_id": 3805

    }, {
        "tracking_id": 62,
        "name": "Boise, ID",
        "code": 757,
        "region_id": 3807

    }, {
        "tracking_id": 63,
        "name": "Idaho Falls-Pocatello, ID",
        "code": 758,
        "region_id": 3807

    }, {
        "tracking_id": 64,
        "name": "Salt Lake City, UT",
        "code": 770,
        "region_id": 3807

    }, {
        "tracking_id": 65,
        "name": "Spokane, WA",
        "code": 881,
        "region_id": 3807

    }, {
        "tracking_id": 66,
        "name": "Twin Falls, ID",
        "code": 760,
        "region_id": 3807

    }, {
        "tracking_id": 67,
        "name": "Champaign & Springfield-Decatur,IL",
        "code": 648,
        "region_id": 3808

    }, {
        "tracking_id": 68,
        "name": "Chicago, IL",
        "code": 602,
        "region_id": 3808

    }, {
        "tracking_id": 69,
        "name": "Davenport, IA-Rock Island-Moline, IL",
        "code": 682,
        "region_id": 3808

    }, {
        "tracking_id": 70,
        "name": "Evansville, IN",
        "code": 649,
        "region_id": 3808

    }, {
        "tracking_id": 71,
        "name": "Paducah, KY-Cape Girardeau, MO-Harrisburg-Mount Vernon, IL",
        "code": 632,
        "region_id": 3808

    }, {
        "tracking_id": 72,
        "name": "Peoria-Bloomington, IL",
        "code": 675,
        "region_id": 3808

    }, {
        "tracking_id": 73,
        "name": "Quincy, IL-Hannibal, MO-Keokuk, IA",
        "code": 717,
        "region_id": 3808

    }, {
        "tracking_id": 74,
        "name": "Rockford, IL",
        "code": 610,
        "region_id": 3808

    }, {
        "tracking_id": 75,
        "name": "St. Louis, MO",
        "code": 609,
        "region_id": 3808

    }, {
        "tracking_id": 76,
        "name": "Terre Haute, IN",
        "code": 581,
        "region_id": 3808

    }, {
        "tracking_id": 77,
        "name": "Cincinnati, OH",
        "code": 515,
        "region_id": 3809

    }, {
        "tracking_id": 78,
        "name": "Dayton, OH",
        "code": 542,
        "region_id": 3809

    }, {
        "tracking_id": 79,
        "name": "Fort Wayne, IN",
        "code": 509,
        "region_id": 3809

    }, {
        "tracking_id": 80,
        "name": "Indianapolis, IN",
        "code": 527,
        "region_id": 3809

    }, {
        "tracking_id": 81,
        "name": "Lafayette, IN",
        "code": 582,
        "region_id": 3809

    }, {
        "tracking_id": 82,
        "name": "Louisville, KY",
        "code": 529,
        "region_id": 3809

    }, {
        "tracking_id": 83,
        "name": "South Bend-Elkhart, IN",
        "code": 588,
        "region_id": 3809

    }, {
        "tracking_id": 84,
        "name": "Cedar Rapids-Waterloo-Iowa City & Dubuque, IA",
        "code": 637,
        "region_id": 3806

    }, {
        "tracking_id": 85,
        "name": "Des Moines-Ames, IA",
        "code": 679,
        "region_id": 3806

    }, {
        "tracking_id": 86,
        "name": "Mankato, MN",
        "code": 737,
        "region_id": 3806

    }, {
        "tracking_id": 87,
        "name": "Omaha, NE",
        "code": 652,
        "region_id": 3806

    }, {
        "tracking_id": 88,
        "name": "Ottumwa, IA-Kirksville, MO",
        "code": 631,
        "region_id": 3806

    }, {
        "tracking_id": 89,
        "name": "Rochester, MN-Mason City, IA-Austin, MN",
        "code": 611,
        "region_id": 3806

    }, {
        "tracking_id": 90,
        "name": "Sioux City, IA",
        "code": 624,
        "region_id": 3806

    }, {
        "tracking_id": 91,
        "name": "Sioux Falls(Mitchell), SD",
        "code": 725,
        "region_id": 3806

    }, {
        "tracking_id": 92,
        "name": "Amarillo, TX",
        "code": 634,
        "region_id": 3810

    }, {
        "tracking_id": 93,
        "name": "Joplin, MO-Pittsburg, KS",
        "code": 603,
        "region_id": 3810

    }, {
        "tracking_id": 94,
        "name": "Kansas City, MO",
        "code": 616,
        "region_id": 3810

    }, {
        "tracking_id": 95,
        "name": "Lincoln & Hastings-Kearney, NE",
        "code": 722,
        "region_id": 3810

    }, {
        "tracking_id": 96,
        "name": "St. Joseph, MO",
        "code": 638,
        "region_id": 3810

    }, {
        "tracking_id": 97,
        "name": "Topeka, KS",
        "code": 605,
        "region_id": 3810

    }, {
        "tracking_id": 98,
        "name": "Tulsa, OK",
        "code": 671,
        "region_id": 3810

    }, {
        "tracking_id": 99,
        "name": "Wichita-Hutchinson, KS",
        "code": 678,
        "region_id": 3810

    }, {
        "tracking_id": 100,
        "name": "Bowling Green, KY",
        "code": 736,
        "region_id": 3811

    }, {
        "tracking_id": 101,
        "name": "Charleston-Huntington, WV",
        "code": 564,
        "region_id": 3811

    }, {
        "tracking_id": 102,
        "name": "Knoxville, TN",
        "code": 557,
        "region_id": 3811

    }, {
        "tracking_id": 103,
        "name": "Lexington, KY",
        "code": 541,
        "region_id": 3811

    }, {
        "tracking_id": 104,
        "name": "Nashville, TN",
        "code": 659,
        "region_id": 3811

    }, {
        "tracking_id": 105,
        "name": "Tri-Cities, TN-VA",
        "code": 531,
        "region_id": 3811

    }, {
        "tracking_id": 106,
        "name": "Alexandria, LA",
        "code": 644,
        "region_id": 3812

    }, {
        "tracking_id": 107,
        "name": "Baton Rouge, LA",
        "code": 716,
        "region_id": 3812

    }, {
        "tracking_id": 108,
        "name": "Lafayette, LA",
        "code": 642,
        "region_id": 3812

    }, {
        "tracking_id": 109,
        "name": "Lake Charles, LA",
        "code": 643,
        "region_id": 3812

    }, {
        "tracking_id": 110,
        "name": "New Orleans, LA",
        "code": 622,
        "region_id": 3812

    }, {
        "tracking_id": 111,
        "name": "Bangor, ME",
        "code": 537,
        "region_id": 3815

    }, {
        "tracking_id": 112,
        "name": "Portland-Auburn, ME",
        "code": 500,
        "region_id": 3815

    }, {
        "tracking_id": 113,
        "name": "Presque Isle, ME",
        "code": 552,
        "region_id": 3815

    }, {
        "tracking_id": 114,
        "name": "Baltimore, MD",
        "code": 512,
        "region_id": 3814

    }, {
        "tracking_id": 115,
        "name": "Pittsburgh, PA",
        "code": 508,
        "region_id": 3814

    }, {
        "tracking_id": 116,
        "name": "Albany-Schenectady-Troy, NY",
        "code": 532,
        "region_id": 3813

    }, {
        "tracking_id": 117,
        "name": "Boston, MA-Manchester, NH",
        "code": 506,
        "region_id": 3813

    }, {
        "tracking_id": 118,
        "name": "Providence, RI-New Bedford, MA",
        "code": 521,
        "region_id": 3813

    }, {
        "tracking_id": 119,
        "name": "Springfield-Holyoke, MA",
        "code": 543,
        "region_id": 3813

    }, {
        "tracking_id": 120,
        "name": "Alpena, MI",
        "code": 583,
        "region_id": 3817

    }, {
        "tracking_id": 121,
        "name": "Detroit, MI",
        "code": 505,
        "region_id": 3817

    }, {
        "tracking_id": 122,
        "name": "Duluth, MN-Superior, WI",
        "code": 676,
        "region_id": 3817

    }, {
        "tracking_id": 123,
        "name": "Flint-Saginaw-Bay City, MI",
        "code": 513,
        "region_id": 3817

    }, {
        "tracking_id": 124,
        "name": "Grand Rapids-Kalamazoo-Battle Creek, MI",
        "code": 563,
        "region_id": 3817

    }, {
        "tracking_id": 125,
        "name": "Green Bay-Appleton, WI",
        "code": 658,
        "region_id": 3817

    }, {
        "tracking_id": 126,
        "name": "Lansing, MI",
        "code": 551,
        "region_id": 3817

    }, {
        "tracking_id": 127,
        "name": "Marquette, MI",
        "code": 553,
        "region_id": 3817

    }, {
        "tracking_id": 128,
        "name": "Toledo, OH",
        "code": 547,
        "region_id": 3817

    }, {
        "tracking_id": 129,
        "name": "Traverse City-Cadillac, MI",
        "code": 540,
        "region_id": 3817

    }, {
        "tracking_id": 130,
        "name": "Fargo-Valley City, ND",
        "code": 724,
        "region_id": 3818

    }, {
        "tracking_id": 131,
        "name": "La Crosse-Eau Claire, WI",
        "code": 702,
        "region_id": 3818

    }, {
        "tracking_id": 132,
        "name": "Minneapolis-St. Paul, MN",
        "code": 613,
        "region_id": 3818

    }, {
        "tracking_id": 133,
        "name": "Biloxi-Gulfport, MS",
        "code": 746,
        "region_id": 3821

    }, {
        "tracking_id": 134,
        "name": "Hattiesburg-Laurel, MS",
        "code": 710,
        "region_id": 3821

    }, {
        "tracking_id": 135,
        "name": "Jackson, MS",
        "code": 718,
        "region_id": 3821

    }, {
        "tracking_id": 136,
        "name": "Columbia-Jefferson City, MOjobads_world_metrosjobads_world_metros",
        "code": 604,
        "region_id": 3819

    }, {
        "tracking_id": 137,
        "name": "Billings, MT",
        "code": 756,
        "region_id": 3822

    }, {
        "tracking_id": 138,
        "name": "Butte-Bozeman, MT",
        "code": 754,
        "region_id": 3822

    }, {
        "tracking_id": 139,
        "name": "Glendive, MT",
        "code": 798,
        "region_id": 3822

    }, {
        "tracking_id": 140,
        "name": "Great Falls, MT",
        "code": 755,
        "region_id": 3822

    }, {
        "tracking_id": 141,
        "name": "Helena, MT",
        "code": 766,
        "region_id": 3822

    }, {
        "tracking_id": 142,
        "name": "Minot-Bismarck-Dickinson(Williston), ND",
        "code": 687,
        "region_id": 3822

    }, {
        "tracking_id": 143,
        "name": "Missoula, MT",
        "code": 762,
        "region_id": 3822

    }, {
        "tracking_id": 144,
        "name": "Rapid City, SD",
        "code": 764,
        "region_id": 3822

    }, {
        "tracking_id": 145,
        "name": "Cheyenne, WY-Scottsbluff, NE",
        "code": 759,
        "region_id": 3825

    }, {
        "tracking_id": 146,
        "name": "North Platte, NE",
        "code": 740,
        "region_id": 3825

    }, {
        "tracking_id": 147,
        "name": "Las Vegas, NV",
        "code": 839,
        "region_id": 3829

    }, {
        "tracking_id": 148,
        "name": "Burlington, VT-Plattsburgh, NY",
        "code": 523,
        "region_id": 3826

    }, {
        "tracking_id": 149,
        "name": "El Paso, TX",
        "code": 765,
        "region_id": 3828

    }, {
        "tracking_id": 150,
        "name": "Odessa-Midland, TX",
        "code": 633,
        "region_id": 3828

    }, {
        "tracking_id": 151,
        "name": "Binghamton, NY",
        "code": 502,
        "region_id": 3830

    }, {
        "tracking_id": 152,
        "name": "Buffalo, NY",
        "code": 514,
        "region_id": 3830

    }, {
        "tracking_id": 153,
        "name": "Elmira, NY",
        "code": 565,
        "region_id": 3830

    }, {
        "tracking_id": 154,
        "name": "Rochester, NY",
        "code": 538,
        "region_id": 3830

    }, {
        "tracking_id": 155,
        "name": "Syracuse, NY",
        "code": 555,
        "region_id": 3830

    }, {
        "tracking_id": 156,
        "name": "Utica, NY",
        "code": 526,
        "region_id": 3830

    }, {
        "tracking_id": 157,
        "name": "Watertown, NY",
        "code": 549,
        "region_id": 3830

    }, {
        "tracking_id": 158,
        "name": "Charlotte, NC",
        "code": 517,
        "region_id": 3823

    }, {
        "tracking_id": 159,
        "name": "Florence-Myrtle Beach, SC",
        "code": 570,
        "region_id": 3823

    }, {
        "tracking_id": 160,
        "name": "Greensboro-High Point-Winston Salem, NC",
        "code": 518,
        "region_id": 3823

    }, {
        "tracking_id": 161,
        "name": "Greenville-New Bern-Washington, NC",
        "code": 545,
        "region_id": 3823

    }, {
        "tracking_id": 162,
        "name": "Norfolk-Portsmouth-Newport News, VA",
        "code": 544,
        "region_id": 3823

    }, {
        "tracking_id": 163,
        "name": "Raleigh-Durham (Fayetteville), NC",
        "code": 560,
        "region_id": 3823

    }, {
        "tracking_id": 164,
        "name": "Wilmington, NC",
        "code": 550,
        "region_id": 3823

    }, {
        "tracking_id": 165,
        "name": "Cleveland-Akron (Canton), OH",
        "code": 510,
        "region_id": 3831

    }, {
        "tracking_id": 166,
        "name": "Columbus, OH",
        "code": 535,
        "region_id": 3831

    }, {
        "tracking_id": 167,
        "name": "Lima, OH",
        "code": 558,
        "region_id": 3831

    }, {
        "tracking_id": 168,
        "name": "Parkersburg, WV",
        "code": 597,
        "region_id": 3831

    }, {
        "tracking_id": 169,
        "name": "Wheeling, WV-Steubenville, OH",
        "code": 554,
        "region_id": 3831

    }, {
        "tracking_id": 170,
        "name": "Youngstown, OH",
        "code": 536,
        "region_id": 3831

    }, {
        "tracking_id": 171,
        "name": "Zanesville, OH",
        "code": 596,
        "region_id": 3831

    }, {
        "tracking_id": 172,
        "name": "Oklahoma City, OK",
        "code": 650,
        "region_id": 3832

    }, {
        "tracking_id": 173,
        "name": "Sherman, TX-Ada, OK",
        "code": 657,
        "region_id": 3832

    }, {
        "tracking_id": 174,
        "name": "Wichita Falls, TX & Lawton, OK",
        "code": 627,
        "region_id": 3832

    }, {
        "tracking_id": 175,
        "name": "Bend, OR",
        "code": 821,
        "region_id": 3833

    }, {
        "tracking_id": 176,
        "name": "Eugene, OR",
        "code": 801,
        "region_id": 3833

    }, {
        "tracking_id": 177,
        "name": "Portland, OR",
        "code": 820,
        "region_id": 3833

    }, {
        "tracking_id": 178,
        "name": "Yakima-Pasco-Richland-Kennewick, WA",
        "code": 810,
        "region_id": 3833

    }, {
        "tracking_id": 179,
        "name": "Erie, PA",
        "code": 516,
        "region_id": 3834

    }, {
        "tracking_id": 180,
        "name": "Harrisburg-Lancaster-Lebanon-York, PA",
        "code": 566,
        "region_id": 3834

    }, {
        "tracking_id": 181,
        "name": "Johnstown-Altoona, PA",
        "code": 574,
        "region_id": 3834

    }, {
        "tracking_id": 182,
        "name": "Wilkes Barre-Scranton, PA",
        "code": 577,
        "region_id": 3834

    }, {
        "tracking_id": 183,
        "name": "Charleston, SC",
        "code": 519,
        "region_id": 3837

    }, {
        "tracking_id": 184,
        "name": "Columbia, SC",
        "code": 546,
        "region_id": 3837

    }, {
        "tracking_id": 185,
        "name": "Jackson, TN",
        "code": 639,
        "region_id": 3839

    }, {
        "tracking_id": 186,
        "name": "Abilene-Sweetwater, TX",
        "code": 662,
        "region_id": 3840

    }, {
        "tracking_id": 187,
        "name": "Austin, TX",
        "code": 635,
        "region_id": 3840

    }, {
        "tracking_id": 188,
        "name": "Beaumont-Port Arthur, TX",
        "code": 692,
        "region_id": 3840

    }, {
        "tracking_id": 189,
        "name": "Corpus Christi, TX",
        "code": 600,
        "region_id": 3840

    }, {
        "tracking_id": 190,
        "name": "Dallas-Fort Worth, TX",
        "code": 623,
        "region_id": 3840

    }, {
        "tracking_id": 191,
        "name": "Harlingen-Weslaco-Brownsville-McAllen, TX",
        "code": 636,
        "region_id": 3840

    }, {
        "tracking_id": 192,
        "name": "Houston, TX",
        "code": 618,
        "region_id": 3840

    }, {
        "tracking_id": 193,
        "name": "Laredo, TX",
        "code": 749,
        "region_id": 3840

    }, {
        "tracking_id": 194,
        "name": "Lubbock, TX",
        "code": 651,
        "region_id": 3840

    }, {
        "tracking_id": 195,
        "name": "San Angelo, TX",
        "code": 661,
        "region_id": 3840

    }, {
        "tracking_id": 196,
        "name": "San Antonio, TX",
        "code": 641,
        "region_id": 3840

    }, {
        "tracking_id": 197,
        "name": "Tyler-Longview(Lufkin & Nacogdoches), TX",
        "code": 709,
        "region_id": 3840

    }, {
        "tracking_id": 198,
        "name": "Victoria, TX",
        "code": 626,
        "region_id": 3840

    }, {
        "tracking_id": 199,
        "name": "Waco-Temple-Bryan, TX",
        "code": 625,
        "region_id": 3840

    }, {
        "tracking_id": 200,
        "name": "Bluefield-Beckley-Oak Hill, WV",
        "code": 559,
        "region_id": 3842

    }, {
        "tracking_id": 201,
        "name": "Charlottesville, VA",
        "code": 584,
        "region_id": 3842

    }, {
        "tracking_id": 202,
        "name": "Harrisonburg, VA",
        "code": 569,
        "region_id": 3842

    }, {
        "tracking_id": 203,
        "name": "Richmond-Petersburg, VA",
        "code": 556,
        "region_id": 3842

    }, {
        "tracking_id": 204,
        "name": "Roanoke-Lynchburg, VA",
        "code": 573,
        "region_id": 3842

    }, {
        "tracking_id": 205,
        "name": "Seattle-Tacoma, WA",
        "code": 819,
        "region_id": 3845

    }, {
        "tracking_id": 206,
        "name": "Clarksburg-Weston, WV",
        "code": 598,
        "region_id": 3847

    }, {
        "tracking_id": 207,
        "name": "Madison, WI",
        "code": 669,
        "region_id": 3846

    }, {
        "tracking_id": 208,
        "name": "Milwaukee, WI",
        "code": 617,
        "region_id": 3846

    }, {
        "tracking_id": 209,
        "name": "Wausau-Rhinelander, WI",
        "code": 705,
        "region_id": 3846

    }, {
        "tracking_id": 210,
        "name": "Casper-Riverton, WY",
        "code": 767,
        "region_id": 3848

    }]