
[{
        "tracking_id": 1,
        "name": "Europe/Andorra",
        "country_id": 1

    }, {
        "tracking_id": 2,
        "name": "Asia/Dubai",
        "country_id": 2

    }, {
        "tracking_id": 3,
        "name": "Asia/Kabul",
        "country_id": 3

    }, {
        "tracking_id": 4,
        "name": "America/Antigua",
        "country_id": 4

    }, {
        "tracking_id": 5,
        "name": "America/Anguilla",
        "country_id": 5

    }, {
        "tracking_id": 6,
        "name": "Europe/Tirane",
        "country_id": 6

    }, {
        "tracking_id": 7,
        "name": "Asia/Yerevan",
        "country_id": 7

    }, {
        "tracking_id": 8,
        "name": "Africa/Luanda",
        "country_id": 8

    }, {
        "tracking_id": 9,
        "name": "Antarctica/Casey",
        "country_id": 9

    }, {
        "tracking_id": 10,
        "name": "Antarctica/Davis",
        "country_id": 9

    }, {
        "tracking_id": 11,
        "name": "Antarctica/DumontDUrville",
        "country_id": 9

    }, {
        "tracking_id": 12,
        "name": "Antarctica/Mawson",
        "country_id": 9

    }, {
        "tracking_id": 13,
        "name": "Antarctica/McMurdo",
        "country_id": 9

    }, {
        "tracking_id": 14,
        "name": "Antarctica/Palmer",
        "country_id": 9

    }, {
        "tracking_id": 15,
        "name": "Antarctica/Rothera",
        "country_id": 9

    }, {
        "tracking_id": 16,
        "name": "Antarctica/Syowa",
        "country_id": 9

    }, {
        "tracking_id": 17,
        "name": "Antarctica/Vostok",
        "country_id": 9

    }, {
        "tracking_id": 18,
        "name": "America/Argentina/Buenos_Aires",
        "country_id": 10

    }, {
        "tracking_id": 19,
        "name": "America/Argentina/Catamarca",
        "country_id": 10

    }, {
        "tracking_id": 20,
        "name": "America/Argentina/Cordoba",
        "country_id": 10

    }, {
        "tracking_id": 21,
        "name": "America/Argentina/Jujuy",
        "country_id": 10

    }, {
        "tracking_id": 22,
        "name": "America/Argentina/La_Rioja",
        "country_id": 10

    }, {
        "tracking_id": 23,
        "name": "America/Argentina/Mendoza",
        "country_id": 10

    }, {
        "tracking_id": 24,
        "name": "America/Argentina/Rio_Gallegos",
        "country_id": 10

    }, {
        "tracking_id": 25,
        "name": "America/Argentina/Salta",
        "country_id": 10

    }, {
        "tracking_id": 26,
        "name": "America/Argentina/San_Juan",
        "country_id": 10

    }, {
        "tracking_id": 27,
        "name": "America/Argentina/San_Luis",
        "country_id": 10

    }, {
        "tracking_id": 28,
        "name": "America/Argentina/Tucuman",
        "country_id": 10

    }, {
        "tracking_id": 29,
        "name": "America/Argentina/Ushuaia",
        "country_id": 10

    }, {
        "tracking_id": 30,
        "name": "Pacific/Pago_Pago",
        "country_id": 11

    }, {
        "tracking_id": 31,
        "name": "Europe/Vienna",
        "country_id": 12

    }, {
        "tracking_id": 32,
        "name": "Antarctica/Macquarie",
        "country_id": 13

    }, {
        "tracking_id": 33,
        "name": "Australia/Adelaide",
        "country_id": 13

    }, {
        "tracking_id": 34,
        "name": "Australia/Brisbane",
        "country_id": 13

    }, {
        "tracking_id": 35,
        "name": "Australia/Broken_Hill",
        "country_id": 13

    }, {
        "tracking_id": 36,
        "name": "Australia/Currie",
        "country_id": 13

    }, {
        "tracking_id": 37,
        "name": "Australia/Darwin",
        "country_id": 13

    }, {
        "tracking_id": 38,
        "name": "Australia/Eucla",
        "country_id": 13

    }, {
        "tracking_id": 39,
        "name": "Australia/Hobart",
        "country_id": 13

    }, {
        "tracking_id": 40,
        "name": "Australia/Lindeman",
        "country_id": 13

    }, {
        "tracking_id": 41,
        "name": "Australia/Lord_Howe",
        "country_id": 13

    }, {
        "tracking_id": 42,
        "name": "Australia/Melbourne",
        "country_id": 13

    }, {
        "tracking_id": 43,
        "name": "Australia/Perth",
        "country_id": 13

    }, {
        "tracking_id": 44,
        "name": "Australia/Sydney",
        "country_id": 13

    }, {
        "tracking_id": 45,
        "name": "America/Aruba",
        "country_id": 14

    }, {
        "tracking_id": 46,
        "name": "Europe/Mariehamn",
        "country_id": 15

    }, {
        "tracking_id": 47,
        "name": "Asia/Baku",
        "country_id": 16

    }, {
        "tracking_id": 48,
        "name": "Europe/Sarajevo",
        "country_id": 17

    }, {
        "tracking_id": 49,
        "name": "America/Barbados",
        "country_id": 18

    }, {
        "tracking_id": 50,
        "name": "Asia/Dhaka",
        "country_id": 19

    }, {
        "tracking_id": 51,
        "name": "Europe/Brussels",
        "country_id": 20

    }, {
        "tracking_id": 52,
        "name": "Africa/Ouagadougou",
        "country_id": 21

    }, {
        "tracking_id": 53,
        "name": "Europe/Sofia",
        "country_id": 22

    }, {
        "tracking_id": 54,
        "name": "Asia/Bahrain",
        "country_id": 23

    }, {
        "tracking_id": 55,
        "name": "Africa/Bujumbura",
        "country_id": 24

    }, {
        "tracking_id": 56,
        "name": "Africa/Porto-Novo",
        "country_id": 25

    }, {
        "tracking_id": 57,
        "name": "America/St_Barthelemy",
        "country_id": 26

    }, {
        "tracking_id": 58,
        "name": "Atlantic/Bermuda",
        "country_id": 27

    }, {
        "tracking_id": 59,
        "name": "Asia/Brunei",
        "country_id": 28

    }, {
        "tracking_id": 60,
        "name": "America/La_Paz",
        "country_id": 29

    }, {
        "tracking_id": 61,
        "name": "America/Kralendijk",
        "country_id": 30

    }, {
        "tracking_id": 62,
        "name": "America/Araguaina",
        "country_id": 31

    }, {
        "tracking_id": 63,
        "name": "America/Bahia",
        "country_id": 31

    }, {
        "tracking_id": 64,
        "name": "America/Belem",
        "country_id": 31

    }, {
        "tracking_id": 65,
        "name": "America/Boa_Vista",
        "country_id": 31

    }, {
        "tracking_id": 66,
        "name": "America/Campo_Grande",
        "country_id": 31

    }, {
        "tracking_id": 67,
        "name": "America/Cuiaba",
        "country_id": 31

    }, {
        "tracking_id": 68,
        "name": "America/Eirunepe",
        "country_id": 31

    }, {
        "tracking_id": 69,
        "name": "America/Fortaleza",
        "country_id": 31

    }, {
        "tracking_id": 70,
        "name": "America/Maceio",
        "country_id": 31

    }, {
        "tracking_id": 71,
        "name": "America/Manaus",
        "country_id": 31

    }, {
        "tracking_id": 72,
        "name": "America/Noronha",
        "country_id": 31

    }, {
        "tracking_id": 73,
        "name": "America/Porto_Velho",
        "country_id": 31

    }, {
        "tracking_id": 74,
        "name": "America/Recife",
        "country_id": 31

    }, {
        "tracking_id": 75,
        "name": "America/Rio_Branco",
        "country_id": 31

    }, {
        "tracking_id": 76,
        "name": "America/Santarem",
        "country_id": 31

    }, {
        "tracking_id": 77,
        "name": "America/Sao_Paulo",
        "country_id": 31

    }, {
        "tracking_id": 78,
        "name": "America/Nassau",
        "country_id": 32

    }, {
        "tracking_id": 79,
        "name": "Asia/Thimphu",
        "country_id": 33

    }, {
        "tracking_id": 80,
        "name": "Africa/Gaborone",
        "country_id": 35

    }, {
        "tracking_id": 81,
        "name": "Europe/Minsk",
        "country_id": 36

    }, {
        "tracking_id": 82,
        "name": "America/Belize",
        "country_id": 37

    }, {
        "tracking_id": 83,
        "name": "America/Atikokan",
        "country_id": 38

    }, {
        "tracking_id": 84,
        "name": "America/Blanc-Sablon",
        "country_id": 38

    }, {
        "tracking_id": 85,
        "name": "America/Cambridge_Bay",
        "country_id": 38

    }, {
        "tracking_id": 86,
        "name": "America/Creston",
        "country_id": 38

    }, {
        "tracking_id": 87,
        "name": "America/Dawson",
        "country_id": 38

    }, {
        "tracking_id": 88,
        "name": "America/Dawson_Creek",
        "country_id": 38

    }, {
        "tracking_id": 89,
        "name": "America/Edmonton",
        "country_id": 38

    }, {
        "tracking_id": 90,
        "name": "America/Glace_Bay",
        "country_id": 38

    }, {
        "tracking_id": 91,
        "name": "America/Goose_Bay",
        "country_id": 38

    }, {
        "tracking_id": 92,
        "name": "America/Halifax",
        "country_id": 38

    }, {
        "tracking_id": 93,
        "name": "America/Inuvik",
        "country_id": 38

    }, {
        "tracking_id": 94,
        "name": "America/Iqaluit",
        "country_id": 38

    }, {
        "tracking_id": 95,
        "name": "America/Moncton",
        "country_id": 38

    }, {
        "tracking_id": 96,
        "name": "America/Nipigon",
        "country_id": 38

    }, {
        "tracking_id": 97,
        "name": "America/Pangnirtung",
        "country_id": 38

    }, {
        "tracking_id": 98,
        "name": "America/Rainy_River",
        "country_id": 38

    }, {
        "tracking_id": 99,
        "name": "America/Rankin_Inlet",
        "country_id": 38

    }, {
        "tracking_id": 100,
        "name": "America/Regina",
        "country_id": 38

    }, {
        "tracking_id": 101,
        "name": "America/Resolute",
        "country_id": 38

    }, {
        "tracking_id": 102,
        "name": "America/St_Johns",
        "country_id": 38

    }, {
        "tracking_id": 103,
        "name": "America/Swift_Current",
        "country_id": 38

    }, {
        "tracking_id": 104,
        "name": "America/Thunder_Bay",
        "country_id": 38

    }, {
        "tracking_id": 105,
        "name": "America/Toronto",
        "country_id": 38

    }, {
        "tracking_id": 106,
        "name": "America/Vancouver",
        "country_id": 38

    }, {
        "tracking_id": 107,
        "name": "America/Whitehorse",
        "country_id": 38

    }, {
        "tracking_id": 108,
        "name": "America/Winnipeg",
        "country_id": 38

    }, {
        "tracking_id": 109,
        "name": "America/Yellowknife",
        "country_id": 38

    }, {
        "tracking_id": 110,
        "name": "Indian/Cocos",
        "country_id": 39

    }, {
        "tracking_id": 111,
        "name": "Africa/Kinshasa",
        "country_id": 40

    }, {
        "tracking_id": 112,
        "name": "Africa/Lubumbashi",
        "country_id": 40

    }, {
        "tracking_id": 113,
        "name": "Africa/Bangui",
        "country_id": 41

    }, {
        "tracking_id": 114,
        "name": "Africa/Brazzaville",
        "country_id": 42

    }, {
        "tracking_id": 115,
        "name": "Europe/Zurich",
        "country_id": 43

    }, {
        "tracking_id": 116,
        "name": "Africa/Abidjan",
        "country_id": 44

    }, {
        "tracking_id": 117,
        "name": "Pacific/Rarotonga",
        "country_id": 45

    }, {
        "tracking_id": 118,
        "name": "America/Santiago",
        "country_id": 46

    }, {
        "tracking_id": 119,
        "name": "Pacific/Easter",
        "country_id": 46

    }, {
        "tracking_id": 120,
        "name": "Africa/Douala",
        "country_id": 47

    }, {
        "tracking_id": 121,
        "name": "Asia/Chongqing",
        "country_id": 48

    }, {
        "tracking_id": 122,
        "name": "Asia/Harbin",
        "country_id": 48

    }, {
        "tracking_id": 123,
        "name": "Asia/Kashgar",
        "country_id": 48

    }, {
        "tracking_id": 124,
        "name": "Asia/Shanghai",
        "country_id": 48

    }, {
        "tracking_id": 125,
        "name": "Asia/Urumqi",
        "country_id": 48

    }, {
        "tracking_id": 126,
        "name": "America/Bogota",
        "country_id": 49

    }, {
        "tracking_id": 127,
        "name": "America/Costa_Rica",
        "country_id": 50

    }, {
        "tracking_id": 128,
        "name": "America/Havana",
        "country_id": 51

    }, {
        "tracking_id": 129,
        "name": "Atlantic/Cape_Verde",
        "country_id": 52

    }, {
        "tracking_id": 130,
        "name": "America/Curacao",
        "country_id": 53

    }, {
        "tracking_id": 131,
        "name": "Indian/Christmas",
        "country_id": 54

    }, {
        "tracking_id": 132,
        "name": "Asia/Nicosia",
        "country_id": 55

    }, {
        "tracking_id": 133,
        "name": "Europe/Prague",
        "country_id": 56

    }, {
        "tracking_id": 134,
        "name": "Europe/Berlin",
        "country_id": 57

    }, {
        "tracking_id": 135,
        "name": "Europe/Busingen",
        "country_id": 57

    }, {
        "tracking_id": 136,
        "name": "Africa/Djibouti",
        "country_id": 58

    }, {
        "tracking_id": 137,
        "name": "Europe/Copenhagen",
        "country_id": 59

    }, {
        "tracking_id": 138,
        "name": "America/Dominica",
        "country_id": 60

    }, {
        "tracking_id": 139,
        "name": "America/Santo_Domingo",
        "country_id": 61

    }, {
        "tracking_id": 140,
        "name": "Africa/Algiers",
        "country_id": 62

    }, {
        "tracking_id": 141,
        "name": "America/Guayaquil",
        "country_id": 63

    }, {
        "tracking_id": 142,
        "name": "Pacific/Galapagos",
        "country_id": 63

    }, {
        "tracking_id": 143,
        "name": "Europe/Tallinn",
        "country_id": 64

    }, {
        "tracking_id": 144,
        "name": "Africa/Cairo",
        "country_id": 65

    }, {
        "tracking_id": 145,
        "name": "Africa/El_Aaiun",
        "country_id": 66

    }, {
        "tracking_id": 146,
        "name": "Africa/Asmara",
        "country_id": 67

    }, {
        "tracking_id": 147,
        "name": "Africa/Ceuta",
        "country_id": 68

    }, {
        "tracking_id": 148,
        "name": "Atlantic/Canary",
        "country_id": 68

    }, {
        "tracking_id": 149,
        "name": "Europe/Madrid",
        "country_id": 68

    }, {
        "tracking_id": 150,
        "name": "Africa/Addis_Ababa",
        "country_id": 69

    }, {
        "tracking_id": 151,
        "name": "Europe/Brussels",
        "country_id": 70

    }, {
        "tracking_id": 152,
        "name": "Europe/Helsinki",
        "country_id": 71

    }, {
        "tracking_id": 153,
        "name": "Pacific/Fiji",
        "country_id": 72

    }, {
        "tracking_id": 154,
        "name": "Atlantic/Stanley",
        "country_id": 73

    }, {
        "tracking_id": 155,
        "name": "Pacific/Chuuk",
        "country_id": 74

    }, {
        "tracking_id": 156,
        "name": "Pacific/Kosrae",
        "country_id": 74

    }, {
        "tracking_id": 157,
        "name": "Pacific/Pohnpei",
        "country_id": 74

    }, {
        "tracking_id": 158,
        "name": "Atlantic/Faroe",
        "country_id": 75

    }, {
        "tracking_id": 159,
        "name": "Europe/Paris",
        "country_id": 76

    }, {
        "tracking_id": 160,
        "name": "Africa/Libreville",
        "country_id": 77

    }, {
        "tracking_id": 161,
        "name": "Europe/London",
        "country_id": 78

    }, {
        "tracking_id": 162,
        "name": "America/Grenada",
        "country_id": 79

    }, {
        "tracking_id": 163,
        "name": "Asia/Tbilisi",
        "country_id": 80

    }, {
        "tracking_id": 164,
        "name": "America/Cayenne",
        "country_id": 81

    }, {
        "tracking_id": 165,
        "name": "Europe/Guernsey",
        "country_id": 82

    }, {
        "tracking_id": 166,
        "name": "Africa/Accra",
        "country_id": 83

    }, {
        "tracking_id": 167,
        "name": "Europe/Gibraltar",
        "country_id": 84

    }, {
        "tracking_id": 168,
        "name": "America/Danmarkshavn",
        "country_id": 85

    }, {
        "tracking_id": 169,
        "name": "America/Godthab",
        "country_id": 85

    }, {
        "tracking_id": 170,
        "name": "America/Scoresbysund",
        "country_id": 85

    }, {
        "tracking_id": 171,
        "name": "America/Thule",
        "country_id": 85

    }, {
        "tracking_id": 172,
        "name": "Africa/Banjul",
        "country_id": 86

    }, {
        "tracking_id": 173,
        "name": "Africa/Conakry",
        "country_id": 87

    }, {
        "tracking_id": 174,
        "name": "America/Guadeloupe",
        "country_id": 88

    }, {
        "tracking_id": 175,
        "name": "Africa/Malabo",
        "country_id": 89

    }, {
        "tracking_id": 176,
        "name": "Europe/Athens",
        "country_id": 90

    }, {
        "tracking_id": 177,
        "name": "Atlantic/South_Georgia",
        "country_id": 91

    }, {
        "tracking_id": 178,
        "name": "America/Guatemala",
        "country_id": 92

    }, {
        "tracking_id": 179,
        "name": "Pacific/Guam",
        "country_id": 93

    }, {
        "tracking_id": 180,
        "name": "Africa/Bissau",
        "country_id": 94

    }, {
        "tracking_id": 181,
        "name": "America/Guyana",
        "country_id": 95

    }, {
        "tracking_id": 182,
        "name": "Asia/Hong_Kong",
        "country_id": 96

    }, {
        "tracking_id": 183,
        "name": "Indian/Kerguelen",
        "country_id": 97

    }, {
        "tracking_id": 184,
        "name": "America/Tegucigalpa",
        "country_id": 98

    }, {
        "tracking_id": 185,
        "name": "Europe/Zagreb",
        "country_id": 99

    }, {
        "tracking_id": 186,
        "name": "America/Port-au-Prince",
        "country_id": 100

    }, {
        "tracking_id": 187,
        "name": "Europe/Budapest",
        "country_id": 101

    }, {
        "tracking_id": 188,
        "name": "Asia/Jakarta",
        "country_id": 102

    }, {
        "tracking_id": 189,
        "name": "Asia/Jayapura",
        "country_id": 102

    }, {
        "tracking_id": 190,
        "name": "Asia/Makassar",
        "country_id": 102

    }, {
        "tracking_id": 191,
        "name": "Asia/Pontianak",
        "country_id": 102

    }, {
        "tracking_id": 192,
        "name": "Europe/Dublin",
        "country_id": 103

    }, {
        "tracking_id": 193,
        "name": "Asia/Jerusalem",
        "country_id": 104

    }, {
        "tracking_id": 194,
        "name": "Europe/Isle_of_Man",
        "country_id": 105

    }, {
        "tracking_id": 195,
        "name": "Asia/Kolkata",
        "country_id": 106

    }, {
        "tracking_id": 196,
        "name": "Indian/Chagos",
        "country_id": 107

    }, {
        "tracking_id": 197,
        "name": "Asia/Baghdad",
        "country_id": 108

    }, {
        "tracking_id": 198,
        "name": "Asia/Tehran",
        "country_id": 109

    }, {
        "tracking_id": 199,
        "name": "Atlantic/Reykjavik",
        "country_id": 110

    }, {
        "tracking_id": 200,
        "name": "Europe/Rome",
        "country_id": 111

    }, {
        "tracking_id": 201,
        "name": "Europe/Jersey",
        "country_id": 112

    }, {
        "tracking_id": 202,
        "name": "America/Jamaica",
        "country_id": 113

    }, {
        "tracking_id": 203,
        "name": "Asia/Amman",
        "country_id": 114

    }, {
        "tracking_id": 204,
        "name": "Asia/Tokyo",
        "country_id": 115

    }, {
        "tracking_id": 205,
        "name": "Africa/Nairobi",
        "country_id": 116

    }, {
        "tracking_id": 206,
        "name": "Asia/Bishkek",
        "country_id": 117

    }, {
        "tracking_id": 207,
        "name": "Asia/Phnom_Penh",
        "country_id": 118

    }, {
        "tracking_id": 208,
        "name": "Pacific/Enderbury",
        "country_id": 119

    }, {
        "tracking_id": 209,
        "name": "Pacific/Kiritimati",
        "country_id": 119

    }, {
        "tracking_id": 210,
        "name": "Pacific/Tarawa",
        "country_id": 119

    }, {
        "tracking_id": 211,
        "name": "Indian/Comoro",
        "country_id": 120

    }, {
        "tracking_id": 212,
        "name": "America/St_Kitts",
        "country_id": 121

    }, {
        "tracking_id": 213,
        "name": "Asia/Pyongyang",
        "country_id": 122

    }, {
        "tracking_id": 214,
        "name": "Asia/Seoul",
        "country_id": 123

    }, {
        "tracking_id": 215,
        "name": "Asia/Kuwait",
        "country_id": 124

    }, {
        "tracking_id": 216,
        "name": "America/Cayman",
        "country_id": 125

    }, {
        "tracking_id": 217,
        "name": "Asia/Almaty",
        "country_id": 126

    }, {
        "tracking_id": 218,
        "name": "Asia/Aqtau",
        "country_id": 126

    }, {
        "tracking_id": 219,
        "name": "Asia/Aqtobe",
        "country_id": 126

    }, {
        "tracking_id": 220,
        "name": "Asia/Oral",
        "country_id": 126

    }, {
        "tracking_id": 221,
        "name": "Asia/Qyzylorda",
        "country_id": 126

    }, {
        "tracking_id": 222,
        "name": "Asia/Vientiane",
        "country_id": 127

    }, {
        "tracking_id": 223,
        "name": "Asia/Beirut",
        "country_id": 128

    }, {
        "tracking_id": 224,
        "name": "America/St_Lucia",
        "country_id": 129

    }, {
        "tracking_id": 225,
        "name": "Europe/Vaduz",
        "country_id": 130

    }, {
        "tracking_id": 226,
        "name": "Asia/Colombo",
        "country_id": 131

    }, {
        "tracking_id": 227,
        "name": "Africa/Monrovia",
        "country_id": 132

    }, {
        "tracking_id": 228,
        "name": "Africa/Maseru",
        "country_id": 133

    }, {
        "tracking_id": 229,
        "name": "Europe/Vilnius",
        "country_id": 134

    }, {
        "tracking_id": 230,
        "name": "Europe/Luxembourg",
        "country_id": 135

    }, {
        "tracking_id": 231,
        "name": "Europe/Riga",
        "country_id": 136

    }, {
        "tracking_id": 232,
        "name": "Africa/Tripoli",
        "country_id": 137

    }, {
        "tracking_id": 233,
        "name": "Africa/Casablanca",
        "country_id": 138

    }, {
        "tracking_id": 234,
        "name": "Europe/Monaco",
        "country_id": 139

    }, {
        "tracking_id": 235,
        "name": "Europe/Chisinau",
        "country_id": 140

    }, {
        "tracking_id": 236,
        "name": "Europe/Podgorica",
        "country_id": 141

    }, {
        "tracking_id": 237,
        "name": "America/Marigot",
        "country_id": 142

    }, {
        "tracking_id": 238,
        "name": "Indian/Antananarivo",
        "country_id": 143

    }, {
        "tracking_id": 239,
        "name": "Pacific/Kwajalein",
        "country_id": 144

    }, {
        "tracking_id": 240,
        "name": "Pacific/Majuro",
        "country_id": 144

    }, {
        "tracking_id": 241,
        "name": "Europe/Skopje",
        "country_id": 145

    }, {
        "tracking_id": 242,
        "name": "Africa/Bamako",
        "country_id": 146

    }, {
        "tracking_id": 243,
        "name": "Asia/Rangoon",
        "country_id": 147

    }, {
        "tracking_id": 244,
        "name": "Asia/Choibalsan",
        "country_id": 148

    }, {
        "tracking_id": 245,
        "name": "Asia/Hovd",
        "country_id": 148

    }, {
        "tracking_id": 246,
        "name": "Asia/Ulaanbaatar",
        "country_id": 148

    }, {
        "tracking_id": 247,
        "name": "Asia/Macau",
        "country_id": 149

    }, {
        "tracking_id": 248,
        "name": "Pacific/Saipan",
        "country_id": 150

    }, {
        "tracking_id": 249,
        "name": "America/Martinique",
        "country_id": 151

    }, {
        "tracking_id": 250,
        "name": "Africa/Nouakchott",
        "country_id": 152

    }, {
        "tracking_id": 251,
        "name": "America/Montserrat",
        "country_id": 153

    }, {
        "tracking_id": 252,
        "name": "Europe/Malta",
        "country_id": 154

    }, {
        "tracking_id": 253,
        "name": "Indian/Mauritius",
        "country_id": 155

    }, {
        "tracking_id": 254,
        "name": "Indian/Maldives",
        "country_id": 156

    }, {
        "tracking_id": 255,
        "name": "Africa/Blantyre",
        "country_id": 157

    }, {
        "tracking_id": 256,
        "name": "America/Bahia_Banderas",
        "country_id": 158

    }, {
        "tracking_id": 257,
        "name": "America/Cancun",
        "country_id": 158

    }, {
        "tracking_id": 258,
        "name": "America/Chihuahua",
        "country_id": 158

    }, {
        "tracking_id": 259,
        "name": "America/Hermosillo",
        "country_id": 158

    }, {
        "tracking_id": 260,
        "name": "America/Matamoros",
        "country_id": 158

    }, {
        "tracking_id": 261,
        "name": "America/Mazatlan",
        "country_id": 158

    }, {
        "tracking_id": 262,
        "name": "America/Merida",
        "country_id": 158

    }, {
        "tracking_id": 263,
        "name": "America/Mexico_City",
        "country_id": 158

    }, {
        "tracking_id": 264,
        "name": "America/Monterrey",
        "country_id": 158

    }, {
        "tracking_id": 265,
        "name": "America/Ojinaga",
        "country_id": 158

    }, {
        "tracking_id": 266,
        "name": "America/Santa_Isabel",
        "country_id": 158

    }, {
        "tracking_id": 267,
        "name": "America/Tijuana",
        "country_id": 158

    }, {
        "tracking_id": 268,
        "name": "Asia/Kuala_Lumpur",
        "country_id": 159

    }, {
        "tracking_id": 269,
        "name": "Asia/Kuching",
        "country_id": 159

    }, {
        "tracking_id": 270,
        "name": "Africa/Maputo",
        "country_id": 160

    }, {
        "tracking_id": 271,
        "name": "Africa/Windhoek",
        "country_id": 161

    }, {
        "tracking_id": 272,
        "name": "Pacific/Noumea",
        "country_id": 162

    }, {
        "tracking_id": 273,
        "name": "Africa/Niamey",
        "country_id": 163

    }, {
        "tracking_id": 274,
        "name": "Pacific/Norfolk",
        "country_id": 164

    }, {
        "tracking_id": 275,
        "name": "Africa/Lagos",
        "country_id": 165

    }, {
        "tracking_id": 276,
        "name": "America/Managua",
        "country_id": 166

    }, {
        "tracking_id": 277,
        "name": "Europe/Amsterdam",
        "country_id": 167

    }, {
        "tracking_id": 278,
        "name": "Europe/Oslo",
        "country_id": 168

    }, {
        "tracking_id": 279,
        "name": "Asia/Kathmandu",
        "country_id": 169

    }, {
        "tracking_id": 280,
        "name": "Pacific/Nauru",
        "country_id": 170

    }, {
        "tracking_id": 281,
        "name": "Pacific/Niue",
        "country_id": 171

    }, {
        "tracking_id": 282,
        "name": "Pacific/Auckland",
        "country_id": 172

    }, {
        "tracking_id": 283,
        "name": "Pacific/Chatham",
        "country_id": 172

    }, {
        "tracking_id": 284,
        "name": "Asia/Muscat",
        "country_id": 173

    }, {
        "tracking_id": 285,
        "name": "America/Panama",
        "country_id": 174

    }, {
        "tracking_id": 286,
        "name": "America/Lima",
        "country_id": 175

    }, {
        "tracking_id": 287,
        "name": "Pacific/Gambier",
        "country_id": 176

    }, {
        "tracking_id": 288,
        "name": "Pacific/Marquesas",
        "country_id": 176

    }, {
        "tracking_id": 289,
        "name": "Pacific/Tahiti",
        "country_id": 176

    }, {
        "tracking_id": 290,
        "name": "Pacific/Port_Moresby",
        "country_id": 177

    }, {
        "tracking_id": 291,
        "name": "Asia/Manila",
        "country_id": 178

    }, {
        "tracking_id": 292,
        "name": "Asia/Karachi",
        "country_id": 179

    }, {
        "tracking_id": 293,
        "name": "Europe/Warsaw",
        "country_id": 180

    }, {
        "tracking_id": 294,
        "name": "America/Miquelon",
        "country_id": 181

    }, {
        "tracking_id": 295,
        "name": "Pacific/Pitcairn",
        "country_id": 182

    }, {
        "tracking_id": 296,
        "name": "America/Puerto_Rico",
        "country_id": 183

    }, {
        "tracking_id": 297,
        "name": "Asia/Gaza",
        "country_id": 184

    }, {
        "tracking_id": 298,
        "name": "Asia/Hebron",
        "country_id": 184

    }, {
        "tracking_id": 299,
        "name": "Atlantic/Azores",
        "country_id": 185

    }, {
        "tracking_id": 300,
        "name": "Atlantic/Madeira",
        "country_id": 185

    }, {
        "tracking_id": 301,
        "name": "Europe/Lisbon",
        "country_id": 185

    }, {
        "tracking_id": 302,
        "name": "Pacific/Palau",
        "country_id": 186

    }, {
        "tracking_id": 303,
        "name": "America/Asuncion",
        "country_id": 187

    }, {
        "tracking_id": 304,
        "name": "Asia/Qatar",
        "country_id": 188

    }, {
        "tracking_id": 305,
        "name": "Indian/Reunion",
        "country_id": 189

    }, {
        "tracking_id": 306,
        "name": "Europe/Bucharest",
        "country_id": 190

    }, {
        "tracking_id": 307,
        "name": "Europe/Belgrade",
        "country_id": 191

    }, {
        "tracking_id": 308,
        "name": "Asia/Anadyr",
        "country_id": 192

    }, {
        "tracking_id": 309,
        "name": "Asia/Irkutsk",
        "country_id": 192

    }, {
        "tracking_id": 310,
        "name": "Asia/Kamchatka",
        "country_id": 192

    }, {
        "tracking_id": 311,
        "name": "Asia/Khandyga",
        "country_id": 192

    }, {
        "tracking_id": 312,
        "name": "Asia/Krasnoyarsk",
        "country_id": 192

    }, {
        "tracking_id": 313,
        "name": "Asia/Magadan",
        "country_id": 192

    }, {
        "tracking_id": 314,
        "name": "Asia/Novokuznetsk",
        "country_id": 192

    }, {
        "tracking_id": 315,
        "name": "Asia/Novosibirsk",
        "country_id": 192

    }, {
        "tracking_id": 316,
        "name": "Asia/Omsk",
        "country_id": 192

    }, {
        "tracking_id": 317,
        "name": "Asia/Sakhalin",
        "country_id": 192

    }, {
        "tracking_id": 318,
        "name": "Asia/Ust-Nera",
        "country_id": 192

    }, {
        "tracking_id": 319,
        "name": "Asia/Vladivostok",
        "country_id": 192

    }, {
        "tracking_id": 320,
        "name": "Asia/Yakutsk",
        "country_id": 192

    }, {
        "tracking_id": 321,
        "name": "Asia/Yekaterinburg",
        "country_id": 192

    }, {
        "tracking_id": 322,
        "name": "Europe/Kaliningrad",
        "country_id": 192

    }, {
        "tracking_id": 323,
        "name": "Europe/Moscow",
        "country_id": 192

    }, {
        "tracking_id": 324,
        "name": "Europe/Samara",
        "country_id": 192

    }, {
        "tracking_id": 325,
        "name": "Europe/Volgograd",
        "country_id": 192

    }, {
        "tracking_id": 326,
        "name": "Africa/Kigali",
        "country_id": 193

    }, {
        "tracking_id": 327,
        "name": "Asia/Riyadh",
        "country_id": 194

    }, {
        "tracking_id": 328,
        "name": "Pacific/Guadalcanal",
        "country_id": 195

    }, {
        "tracking_id": 329,
        "name": "Indian/Mahe",
        "country_id": 196

    }, {
        "tracking_id": 330,
        "name": "Africa/Khartoum",
        "country_id": 197

    }, {
        "tracking_id": 331,
        "name": "Europe/Stockholm",
        "country_id": 198

    }, {
        "tracking_id": 332,
        "name": "Asia/Singapore",
        "country_id": 199

    }, {
        "tracking_id": 333,
        "name": "Atlantic/St_Helena",
        "country_id": 200

    }, {
        "tracking_id": 334,
        "name": "Europe/Ljubljana",
        "country_id": 201

    }, {
        "tracking_id": 335,
        "name": "Arctic/Longyearbyen",
        "country_id": 202

    }, {
        "tracking_id": 336,
        "name": "Europe/Bratislava",
        "country_id": 203

    }, {
        "tracking_id": 337,
        "name": "Africa/Freetown",
        "country_id": 204

    }, {
        "tracking_id": 338,
        "name": "Europe/San_Marino",
        "country_id": 205

    }, {
        "tracking_id": 339,
        "name": "Africa/Dakar",
        "country_id": 206

    }, {
        "tracking_id": 340,
        "name": "Africa/Mogadishu",
        "country_id": 207

    }, {
        "tracking_id": 341,
        "name": "America/Paramaribo",
        "country_id": 208

    }, {
        "tracking_id": 342,
        "name": "Africa/Juba",
        "country_id": 209

    }, {
        "tracking_id": 343,
        "name": "Africa/Sao_Tome",
        "country_id": 210

    }, {
        "tracking_id": 344,
        "name": "America/El_Salvador",
        "country_id": 211

    }, {
        "tracking_id": 345,
        "name": "America/Lower_Princes",
        "country_id": 212

    }, {
        "tracking_id": 346,
        "name": "Asia/Damascus",
        "country_id": 213

    }, {
        "tracking_id": 347,
        "name": "Africa/Mbabane",
        "country_id": 214

    }, {
        "tracking_id": 348,
        "name": "America/Grand_Turk",
        "country_id": 215

    }, {
        "tracking_id": 349,
        "name": "Africa/Ndjamena",
        "country_id": 216

    }, {
        "tracking_id": 350,
        "name": "Indian/Kerguelen",
        "country_id": 217

    }, {
        "tracking_id": 351,
        "name": "Africa/Lome",
        "country_id": 218

    }, {
        "tracking_id": 352,
        "name": "Asia/Bangkok",
        "country_id": 219

    }, {
        "tracking_id": 353,
        "name": "Asia/Dushanbe",
        "country_id": 220

    }, {
        "tracking_id": 354,
        "name": "Pacific/Fakaofo",
        "country_id": 221

    }, {
        "tracking_id": 355,
        "name": "Asia/Dili",
        "country_id": 222

    }, {
        "tracking_id": 356,
        "name": "Asia/Ashgabat",
        "country_id": 223

    }, {
        "tracking_id": 357,
        "name": "Africa/Tunis",
        "country_id": 224

    }, {
        "tracking_id": 358,
        "name": "Pacific/Tongatapu",
        "country_id": 225

    }, {
        "tracking_id": 359,
        "name": "Europe/Istanbul",
        "country_id": 226

    }, {
        "tracking_id": 360,
        "name": "America/Port_of_Spain",
        "country_id": 227

    }, {
        "tracking_id": 361,
        "name": "Pacific/Funafuti",
        "country_id": 228

    }, {
        "tracking_id": 362,
        "name": "Asia/Taipei",
        "country_id": 229

    }, {
        "tracking_id": 363,
        "name": "Africa/Dar_es_Salaam",
        "country_id": 230

    }, {
        "tracking_id": 364,
        "name": "Europe/Kiev",
        "country_id": 231

    }, {
        "tracking_id": 365,
        "name": "Europe/Simferopol",
        "country_id": 231

    }, {
        "tracking_id": 366,
        "name": "Europe/Uzhgorod",
        "country_id": 231

    }, {
        "tracking_id": 367,
        "name": "Europe/Zaporozhye",
        "country_id": 231

    }, {
        "tracking_id": 368,
        "name": "Africa/Kampala",
        "country_id": 232

    }, {
        "tracking_id": 369,
        "name": "Pacific/Johnston",
        "country_id": 233

    }, {
        "tracking_id": 370,
        "name": "Pacific/Midway",
        "country_id": 233

    }, {
        "tracking_id": 371,
        "name": "Pacific/Wake",
        "country_id": 233

    }, {
        "tracking_id": 372,
        "name": "America/Adak",
        "country_id": 234

    }, {
        "tracking_id": 373,
        "name": "America/Anchorage",
        "country_id": 234

    }, {
        "tracking_id": 374,
        "name": "America/Boise",
        "country_id": 234

    }, {
        "tracking_id": 375,
        "name": "America/Chicago",
        "country_id": 234

    }, {
        "tracking_id": 376,
        "name": "America/Denver",
        "country_id": 234

    }, {
        "tracking_id": 377,
        "name": "America/Detroit",
        "country_id": 234

    }, {
        "tracking_id": 378,
        "name": "America/Indiana/Indianapolis",
        "country_id": 234

    }, {
        "tracking_id": 379,
        "name": "America/Indiana/Knox",
        "country_id": 234

    }, {
        "tracking_id": 380,
        "name": "America/Indiana/Marengo",
        "country_id": 234

    }, {
        "tracking_id": 381,
        "name": "America/Indiana/Petersburg",
        "country_id": 234

    }, {
        "tracking_id": 382,
        "name": "America/Indiana/Tell_City",
        "country_id": 234

    }, {
        "tracking_id": 383,
        "name": "America/Indiana/Vevay",
        "country_id": 234

    }, {
        "tracking_id": 384,
        "name": "America/Indiana/Vincennes",
        "country_id": 234

    }, {
        "tracking_id": 385,
        "name": "America/Indiana/Winamac",
        "country_id": 234

    }, {
        "tracking_id": 386,
        "name": "America/Juneau",
        "country_id": 234

    }, {
        "tracking_id": 387,
        "name": "America/Kentucky/Louisville",
        "country_id": 234

    }, {
        "tracking_id": 388,
        "name": "America/Kentucky/Monticello",
        "country_id": 234

    }, {
        "tracking_id": 389,
        "name": "America/Los_Angeles",
        "country_id": 234

    }, {
        "tracking_id": 390,
        "name": "America/Menominee",
        "country_id": 234

    }, {
        "tracking_id": 391,
        "name": "America/Metlakatla",
        "country_id": 234

    }, {
        "tracking_id": 392,
        "name": "America/New_York",
        "country_id": 234

    }, {
        "tracking_id": 393,
        "name": "America/Nome",
        "country_id": 234

    }, {
        "tracking_id": 394,
        "name": "America/North_Dakota/Beulah",
        "country_id": 234

    }, {
        "tracking_id": 395,
        "name": "America/North_Dakota/Center",
        "country_id": 234

    }, {
        "tracking_id": 396,
        "name": "America/North_Dakota/New_Salem",
        "country_id": 234

    }, {
        "tracking_id": 397,
        "name": "America/Phoenix",
        "country_id": 234

    }, {
        "tracking_id": 398,
        "name": "America/Sitka",
        "country_id": 234

    }, {
        "tracking_id": 399,
        "name": "America/Yakutat",
        "country_id": 234

    }, {
        "tracking_id": 400,
        "name": "Pacific/Honolulu",
        "country_id": 234

    }, {
        "tracking_id": 401,
        "name": "America/Montevideo",
        "country_id": 235

    }, {
        "tracking_id": 402,
        "name": "Asia/Samarkand",
        "country_id": 236

    }, {
        "tracking_id": 403,
        "name": "Asia/Tashkent",
        "country_id": 236

    }, {
        "tracking_id": 404,
        "name": "Europe/Vatican",
        "country_id": 237

    }, {
        "tracking_id": 405,
        "name": "America/St_Vincent",
        "country_id": 238

    }, {
        "tracking_id": 406,
        "name": "America/Caracas",
        "country_id": 239

    }, {
        "tracking_id": 407,
        "name": "America/Tortola",
        "country_id": 240

    }, {
        "tracking_id": 408,
        "name": "America/St_Thomas",
        "country_id": 241

    }, {
        "tracking_id": 409,
        "name": "Asia/Ho_Chi_Minh",
        "country_id": 242

    }, {
        "tracking_id": 410,
        "name": "Pacific/Efate",
        "country_id": 243

    }, {
        "tracking_id": 411,
        "name": "Pacific/Wallis",
        "country_id": 244

    }, {
        "tracking_id": 412,
        "name": "Pacific/Apia",
        "country_id": 245

    }, {
        "tracking_id": 413,
        "name": "Asia/Aden",
        "country_id": 246

    }, {
        "tracking_id": 414,
        "name": "Indian/Mayotte",
        "country_id": 247

    }, {
        "tracking_id": 415,
        "name": "Africa/Johannesburg",
        "country_id": 248

    }, {
        "tracking_id": 416,
        "name": "Africa/Lusaka",
        "country_id": 249

    }, {
        "tracking_id": 417,
        "name": "Africa/Harare",
        "country_id": 250

    }, {
        "tracking_id": 418,
        "name": "Antarctica/South_Pole",
        "country_id": 9

    }, {
        "tracking_id": 419,
        "name": "America/Montreal",
        "country_id": 38

    }]